-- phpMyAdmin SQL Dump
-- version 5.2.1
-- https://www.phpmyadmin.net/
--
-- Servidor: 127.0.0.1:3306
-- Tiempo de generación: 14-12-2024 a las 15:56:21
-- Versión del servidor: 8.3.0
-- Versión de PHP: 8.2.18

SET SQL_MODE = "NO_AUTO_VALUE_ON_ZERO";
START TRANSACTION;
SET time_zone = "+00:00";


/*!40101 SET @OLD_CHARACTER_SET_CLIENT=@@CHARACTER_SET_CLIENT */;
/*!40101 SET @OLD_CHARACTER_SET_RESULTS=@@CHARACTER_SET_RESULTS */;
/*!40101 SET @OLD_COLLATION_CONNECTION=@@COLLATION_CONNECTION */;
/*!40101 SET NAMES utf8mb4 */;

--
-- Base de datos: `blog`
--

-- --------------------------------------------------------

--
-- Estructura de tabla para la tabla `administrador`
--

DROP TABLE IF EXISTS `administrador`;
CREATE TABLE IF NOT EXISTS `administrador` (
  `id_administrador` int NOT NULL AUTO_INCREMENT,
  `nombre` varchar(50) NOT NULL,
  `email` varchar(100) NOT NULL,
  `password` varchar(255) NOT NULL,
  `fecha_creacion` timestamp NULL DEFAULT CURRENT_TIMESTAMP,
  PRIMARY KEY (`id_administrador`)
) ENGINE=InnoDB AUTO_INCREMENT=5 DEFAULT CHARSET=utf8mb4 COLLATE=utf8mb4_0900_ai_ci;

--
-- Volcado de datos para la tabla `administrador`
--

INSERT INTO `administrador` (`id_administrador`, `nombre`, `email`, `password`, `fecha_creacion`) VALUES
(1, 'Juan', 'juan.perez@example.com', '1234', '2024-11-12 08:30:04'),
(3, 'Jose', '', '1234', '2024-12-14 15:42:42'),
(4, 'Paco', 'prueba@gmail.com', 'ponmeun10', '2024-12-14 15:49:57');

-- --------------------------------------------------------

--
-- Estructura de tabla para la tabla `articulos`
--

DROP TABLE IF EXISTS `articulos`;
CREATE TABLE IF NOT EXISTS `articulos` (
  `id_articulo` int NOT NULL AUTO_INCREMENT,
  `titulo` varchar(150) DEFAULT NULL,
  `contenido` text,
  `resumen` varchar(500) CHARACTER SET utf8mb4 COLLATE utf8mb4_0900_ai_ci DEFAULT NULL,
  `estado` enum('borrador','publicado') DEFAULT NULL,
  `fecha_publicacion` timestamp NULL DEFAULT CURRENT_TIMESTAMP,
  `id_administrador` int DEFAULT NULL,
  PRIMARY KEY (`id_articulo`),
  KEY `fk_id_administrador` (`id_administrador`)
) ENGINE=InnoDB AUTO_INCREMENT=36 DEFAULT CHARSET=utf8mb4 COLLATE=utf8mb4_0900_ai_ci;

--
-- Volcado de datos para la tabla `articulos`
--

INSERT INTO `articulos` (`id_articulo`, `titulo`, `contenido`, `resumen`, `estado`, `fecha_publicacion`, `id_administrador`) VALUES
(15, 'El tráiler de The Witcher IV desvela más de lo que aparenta', 'La ceremonia de The Game Awards de este año ha traído un buen puñado de novedades y alguna que otra sorpresa, pero desde luego una de las más esperadas ha sido el primer tráiler de The Witcher IV, que en este caso no estará protagonizado por Geralt como los tres primeros, sino por su pupila, Ciri. Pero como aficionados al hardware, vamos a quedarnos con la parte más técnica: las escenas del juego que se pueden ver en el tráiler han sido tomadas con Unreal Engine 5 utilizando una de las nuevas GeForce RTX 50. Sí, esas mismas que todos esperamos que NVIDIA anuncie oficialmente en el CES 2025, a principios de enero.\r\n\r\nA estas alturas, todo lo relacionado con la próxima generación de tarjetas gráficas de NVIDIA es puro rumor, filtración o especulación. Sin embargo, es un secreto a voces que la compañía lleva tiempo trabajando en ella, y de hecho como hemos mencionado ya, se espera que la anuncie oficialmente a principios de enero. Con todo, lo que ahora hemos podido ver en este tráiler confirma el hecho de que estas gráficas están más cerca que nunca.\r\n\r\nThe Witcher IV con una NVIDIA RTX 50\r\nThe Witcher IV será el primer videojuego de la saga que no tendrá al carismático Geralt de Rivia como protagonista; en este caso, será su pupila, Cirilla, a quien manejaremos (ya lo hicimos durante una parte de The Witcher 3: Wild Hunt, todo sea dicho). Pero un dato interesante, y que de hecho podemos leer (en inglés) nada más poner el tráiler, es que a pesar de que sea cinematográfico (es decir, que realmente no muestra escenas del juego) las escenas han sido renderizadas utilizando el motor gráfico Unreal Engine 5 con una gráfica NVIDIA GeForce todavía no anunciada… ¿y cuál puede ser? Pues una RTX 50 Series seguro, vamos.', 'The Witcher IV será el primer videojuego de la saga que no tendrá al carismático Geralt de Rivia como protagonista; en este caso, será su pupila, Cirilla, a quien manejaremos', 'publicado', '2024-12-14 11:25:46', NULL),
(16, 'La nueva CPU portátil de AMD deja a Intel en la estacada', 'A mediados de este año, AMD presentó la nueva generación de procesadores para portátiles con AI con los Ryzen AI 9 Strix Point, una gama de procesadores ya disponibles en el mercado y que, para principios de año recibirá nuevos modelos con los Ryzen AI 7 Krackan Point.\r\n\r\nLa presentación de esta nueva gama de APUs para equipos portátiles se realizará en el evento que AMD celebrará en el CES 2025, donde NVIDIA también presentará la serie RTX 50. Sin embargo, y como viene siendo habitual, ya conocemos cuál será el rendimiento que ofrecerá uno de estos modelos.\r\n\r\nEn las últimas horas, ha aparecido un nuevo benchmark en Geekbench del Acer Swift SFG16-61, una muestra de ingeniera con el código 100-000000713-40_Y que, según afirman desde Videocardz, corresponde a una de las nuevas APU Krackan Point que AMD tiene previsto presentar las próximas semanas, concretamente el modelo Ryzen AI 7 350.\r\n\r\nEsta prueba de rendimiento confirma lo que se había rumoreado y cuenta con 8 núcleos (4 núcleos Zen 5 + 4 núcleos Zen 5c) y un total de 16 hilos. Además, también podemos ver en los resultados de la prueba, cuenta con una caché L3 de 16 MB y la velocidad máxima de reloj sube hasta los 5.045 MHz.\r\n\r\nLa prueba de rendimiento publicada en Geekbench se ha realizado con el equipo de Acer antes mencionado gestionado por Windows 11 Pro y 16 GB de memoria RAM. En la prueba de un solo núcleos, obtuvo una nota de 2.677 puntos mientras que la prueba multinúcleo llego hasta los 11.742 puntos.\r\n\r\nComo era de esperar la puntuación obtenido es superior a su equivalente de la generación anterior, Ryzen 7 8845HS. Pero, además, también ofrece un rendimiento superior con el equivalente actual de Intel en el mercado, con Core Ultra 7 258V que obtuvo una puntuación de 2.672 en la prueba un solo núcleo y de 10.766 en la prueba multinúcleo.\r\n\r\nRespecto a la gráfica y NPU que AMD incluirá en este modelo, de momento es una incógnita. Lo más probable es que utilice implemente una NPU XDNA 2 que ofrece un mínimo de 50 TOPS mientras que la gráfica será una Radeon 860M.\r\n\r\nEn este mismo evento, se espera que Intel también presente el resto de los modelos Core Ultra 200 H y X. Lo que está claro es que nos espera un mes de noticias muy movidito en cuanto a procesadores y gráficas y desde HardZone os informaremos puntualmente de todas las novedades que se presenten.', 'A mediados de este año, AMD presentó la nueva generación de procesadores para portátiles con AI con los Ryzen AI 9 Strix Point, una gama de procesadores ya disponibles en el mercado y que, para principios de año recibirá nuevos modelos con los Ryzen AI 7 Krackan Point.', 'publicado', '2024-12-14 11:49:51', NULL),
(17, 'El cofundador de Twitter lanza una red social que cambia radicalmente la idea que tenemos de las redes sociales', 'Hace unos años la sensación con respecto a las redes sociales era que su pico de interés había quedado atrás. La época dorada de Twitter o Facebook era algo que se veía en el retrovisor, y no se esperaba una nueva oleada de propuestas. Pero Elon Musk compró Twitter, luego la renombró a X y posteriormente la cambió tanto, para mal, que ha abierto la puerta al crecimiento de otras alternativas, entre las que destaca Bluesky.\r\n\r\nEsta propuesta estaba creada por extrabajadores de Twitter, entre los que estaba su fundador, Jack Dorsey, aunque abandonó el proyecto hace tiempo. Otro de los cofundadores de la red social de microblogging, Evan Williams, ha dado el salto recientemente creando una nueva propuesta: Mozi.\r\n\r\n \r\nHace unos años la sensación con respecto a las redes sociales era que su pico de interés había quedado atrás. La época dorada de Twitter o Facebook era algo que se veía en el retrovisor, y no se esperaba una nueva oleada de propuestas. Pero Elon Musk compró Twitter, luego la renombró a X y posteriormente la cambió tanto, para mal, que ha abierto la puerta al crecimiento de otras alternativas, entre las que destaca Bluesky.\r\n\r\nEsta propuesta estaba creada por extrabajadores de Twitter, entre los que estaba su fundador, Jack Dorsey, aunque abandonó el proyecto hace tiempo. Otro de los cofundadores de la red social de microblogging, Evan Williams, ha dado el salto recientemente creando una nueva propuesta: Mozi.\r\n\r\nEl empresario, que también jugó un rol importante en la creación de Blogger y Medium, ha anunciado una nueva empresa, centrada en conectar con los amigos, algo por lo que el propio Evan estaba pasando, tras la pandemia y su reciente divorcio. No pretendía crear una alternativa a Twitter, sino algo mucho más cercano y privado.\r\n\r\n\r\n[Qué es Bluesky, la red social a la que más de un millón de usuarios ha migrado después de decir adiós a X y Elon Musk]\r\nLa idea base de Mozi es crear una red social de amigos reales, no de conocidos, y poder saber dónde viven, en qué ciudades están de viaje, y buscar el poder coincidir en persona. Este enfoque es radicalmente opuesto al de las redes sociales tradicionales. Lo único en lo que se parece es en que tiene acceso a nuestra lista de contactos para poder establecer las relaciones.\r\n\r\nMediante los perfiles de cada persona, podemos saber si están o no en una relación, si estarán de viaje cerca de nosotros, si hay algún plan al que quizás se pueda ir en grupo... Pero no hay ni comentarios, ni Likes, ni citas de texto ni nada que pueda entenderse como una forma de aumentar el uso de la propia aplicación. De hecho, si se quiere hablar con un contacto, lo que hace la app es abrir la aplicación de SMS del teléfono.\r\n\r\nPor ahora se encuentran en una primera fase de lanzamiento y, como siempre pasa en estos casos, es posible que la propia esencia de la app cambie, aunque habrá que ver si es manteniendo su idea original o si se acaba convirtiendo en algo más mainstream. Por el momento sólo está disponible para iPhone, algo comprensible dado que el enfoque de la empresa está actualmente en Estados Unidos. No obstante, los desarrolladores', 'La idea base de Mozi es crear una red social de amigos reales, no de conocidos, y poder saber dónde viven, en qué ciudades están de viaje, y buscar el poder coincidir en persona', 'publicado', '2024-12-14 12:00:10', NULL),
(18, 'Estos son los 9 smartphones de Samsung que ya se han actualizado con el parche de seguridad de diciembre de 2024', 'Cuando apenas ha pasado una semana desde que Google lanzó la actualización de seguridad de Android de diciembre, Samsung ya ha desplegado el parche de seguridad de Android más reciente, el correspondiente al último mes del año, en los mejores terminales de su catálogo, tanto los más actuales como aquellos que llevan algún tiempo más en el mercado.\r\n\r\nEn concreto, a día de hoy, Samsung ya ha liberado la actualización Android de diciembre de 2024 en casi una decena de smartphones de gama alta de la serie Galaxy y, como es habitual, esta cifra se irá incrementando de aquí a finales de mes.\r\n\r\nAsí, los 9 smartphones de Samsung que ya han recibido la actualización Android de diciembre de 2024 son los siguientes:\r\n\r\n- Samsung Galaxy S24\r\n- Samsung Galaxy S24+\r\n- Samsung Galaxy S24 Ultra\r\n- Samsung Galaxy S24 FE\r\n- Samsung Galaxy S23\r\n- Samsung Galaxy S23+\r\n- Samsung Galaxy S23 Ultra\r\n- Samsung Galaxy Z Fold6\r\n- Samsung Galaxy Z Flip6\r\n\r\nComo no podía ser de otra forma, esta nueva actualización incluye el parche de seguridad de diciembre de 2024, el cual corrige un total de 44 vulnerabilidades relacionadas con la privacidad y la seguridad, de las cuales 36 han sido solventadas por Google y las 8 restantes son exclusivas de los dispositivos Galaxy.', 'Samsung ha comenzado a liberar la actualización con el parche de seguridad de diciembre de 2024 en los mejores móviles de su portfolio', 'publicado', '2024-12-14 12:03:12', NULL),
(19, 'Esta marca quiere que te olvides de recargar tu coche. Lo va a lograr con pintura solar', 'Mercedes-Benz acaba de dar un paso revolucionario en el mundo de la movilidad eléctrica con una tecnología que podría cambiar por completo la forma en que recargamos nuestros coches. La marca alemana ha desarrollado una pintura solar que promete generar suficiente energía para recorrer hasta 20.000 kilómetros al año en condiciones ideales, todo ello con un grosor adicional de solo 5 micrómetros.\r\n\r\nSegún informa New Atlas, esta innovadora tecnología funciona mediante una capa de pintura fotovoltaica que se aplica directamente sobre la carrocería del vehículo, cubierta posteriormente por la pintura de color. El sistema alcanza una eficiencia del 20% y, lo más sorprendente, podría eliminar por completo la necesidad de recargar para conductores que realizan trayectos diarios en ciudades soleadas como Los Ángeles.\r\n\r\nLa tecnología de Mercedes-Benz representa un avance significativo respecto a otros intentos de integrar energía solar en vehículos. A diferencia de los sistemas autónomos que ya incorporan algunos Mercedes, esta solución es mucho más discreta y eficiente. La pintura solar añade solo 50 gramos de peso por metro cuadrado y no requiere materiales raros o tóxicos en su fabricación, siendo además completamente reciclable.', 'La revolución de la pintura solar promete transformar la movilidad eléctrica', 'publicado', '2024-12-14 12:04:06', NULL),
(20, 'Lenovo Legion Go: Primeras imágenes filtradas de la próxima generación con APU Ryzen Z2', 'Lenovo Legion Go de próxima generación se ha filtrado con los nuevos APU Ryzen Z2, entre los que se incluyen el modelo Extreme.\r\n\r\nSe filtran imágenes y especificaciones del Legion Go de próxima generación, que van a estrenar los nuevos APU Ryzen Z2. De hecho, el portátil para juegos de Lenovo contaría con tres variantes.\r\n\r\nLegion Go: Modelos descubiertos:\r\n- Legion Go S 8ARP1 AMD Rembrandt – AMD Ryzen Z2 Go\r\n- Legion Go 8AHP2 AMD Hawk Point – AMD Ryzen Z2\r\n- Legion Go 8ASP2 AMD Strix Point – AMD Ryzen Z2 Extreme\r\n\r\nLa consola portátil para juegos de Lenovo está contando con una pantalla OLED con un tamaño de 8.8 pulgadas. El salto hacia una pantalla OLED mejorará sustancialmente la calidad de imagen.\r\n\r\nEste seria el primer dispositivo de su clase que estaría contando con los nuevos APU Ryzen Z2, que se estarán beneficiando de unos núcleos Zen 5 y también con una GPU integrada de RDNA 3.5, siempre hablando del modelo Z2 Extreme. Cada modelo representa a una generación distinta, lo que repercutirá en el desempeño de cada variante. En este caso, el modelo Extreme está contando con unos 8 núcleos, 16 hilos y una GPU RDNA 3.5 con unas 16 unidades de cómputo.\r\n\r\nLas imágenes exclusivas provienen de The Verge, con unas imágenes proporcionadas por Evan Blass. A juzgar por estas imágenes, se mantiene los controles desmontables.\r\n\r\nSe espera que este modelo, junto con el Legion Go S, se anuncien en el CES 2025. Esta consola portátil también podría ser la primera que cuente con SteamOS además del Steam Deck de Valve. Os mantendremos informados.', 'Se filtran imágenes y especificaciones del Legion Go de próxima generación, que van a estrenar los nuevos APU Ryzen Z2. De hecho, el portátil para juegos de Lenovo contaría con tres variantes.', 'publicado', '2024-12-14 12:05:25', NULL),
(21, 'Adiós al \"Ok, Google\": la realidad aumentada nos muestra cual será su nuevo sustituto', 'Hace unas horas Google presentó, de la mano de Samsung, la nueva plataforma de Android para dispositivos de realidad aumentada. Pese a que aún no se han anunciado productos, se espera que la empresa coreana los presente a mediados de año, como se filtró hace unos días. No sabemos si eso implicará la comercialización en España y resto de mercados internacionales o si se lanzará en una primera ronda en unos pocos países, como pasó con el Samsung Galaxy Ring.\r\n \r\nHace unas horas Google presentó, de la mano de Samsung, la nueva plataforma de Android para dispositivos de realidad aumentada. Pese a que aún no se han anunciado productos, se espera que la empresa coreana los presente a mediados de año, como se filtró hace unos días. No sabemos si eso implicará la comercialización en España y resto de mercados internacionales o si se lanzará en una primera ronda en unos pocos países, como pasó con el Samsung Galaxy Ring.\r\n\r\nUno de los aspectos más llamativos de esta nueva plataforma, llamada Android XR, es su fortísima integración con Gemini. Esta es la primera versión del sistema operativo surgida en la era de la inteligencia artificial, y eso se tenía que notar. Además de lo que hemos visto con aplicaciones como Google Fotos y otras en Android XR, Gemini sería una de las más usadas, por el propio factor de forma de las gafas.\r\n\r\nAl no tener una pantalla con la que interactuar físicamente, es de esperar que los comandos de voz sean la principal forma de ejecutar órdenes. Ahí es donde entra Gemini, ya que Android XR no saldrá con el asistente de Google para luego dar el salto a la nueva plataforma, como ha pasado con el resto de versiones del sistema.\r\n\r\nEste cambio de palabras en el comando de activación tiene sentido si Google quiere que su marca Gemini sea la conocida por el gran público en lo que a asistentes virtuales se refiere. Ya tuvimos un cambio de nombre extraño cuando Google anunció Bard como el chatbot que usaba Gemini en los primeros meses de la oleada de novedades de inteligencia artificial, pero acabó cambiando el nombre del chatbot con buen criterio.\r\n\r\nNo hay que olvidar que Android XR se cimentará sobre la base de nuevas apps y servicios, tal y como lo hizo en los móviles. Un sistema sin aplicaciones no despegará y Google lo sabe, motivo por el cual ha puesto especial énfasis en explicar cómo serán las aplicaciones y lo sencillo que resultará programar para ellas si ya se han creado apps en Android aunque sea para otras plataformas.', 'Google está integrando Gemini en todos sus productos, y eso implica la sustitución del asistente de voz, incluyendo su comando de activación.', 'publicado', '2024-12-14 12:06:55', NULL),
(22, 'La IA provocará 1.300 muertes anuales y 20.000 millones de costes sanitarios para 2030 por la contaminación que generará la energía consumida', 'Si eres de los que ha estado utilizando la IA a diario, seguramente has acabado dependiendo de esta debido a lo útil que puede llegar a ser. Tener algo como ChatGPT a nuestro lado para poder preguntarle lo que queramos y que nos dé respuesta o no ayude, es algo que cada vez más personas hacen. Tanto estudiantes a la hora de hacer ejercicios, personas en sus trabajos o usuarios que tienen simple curiosidad, acaban utilizando la inteligencia artificial. Si bien hemos visto avances y ha crecido en gran medida su popularidad, también provoca una serie de problemas y el enorme consumo energético de la IA será preocupante, pues se espera que en 2030 pueda llegar a provocar 1.300 muertes anuales y millones de dólares de costes sanitarios en EE.UU.\r\n\r\nOpenAI, Microsoft, Google y muchas otras empresas empezaron a competir hace un tiempo por ver cuál de todas ofrece el mejor modelo de inteligencia artificial. Aunque OpenAI fue la que inició todo esto con ChatGPT, pronto empezaron a surgirle rivales y esto implico ver mejoras en los modelos de inteligencia artificial y grandes inversiones. Sin embargo, también empezaron a adquirirse una gran cantidad de tarjetas gráficas y aceleradores para crear nuevos modelos de IA más avanzados. Esto conllevaba un gran consumo de energía sumado a tener operativos los servicios de IA en sí. Por ejemplo, ChatGPT tenía un coste de 700.000 dólares al día y eso era con las cifras de hace año y medio, pues ahora debería ser mucho más caro.\r\n\r\nunque la IA mejora la productividad y nos permite tener una vida más cómoda en ciertos aspectos, también conlleva una serie de problemas. Se teme que según aumente su uso, acabaremos sintiéndonos más solos, ya que utilizaremos la inteligencia artificial en el trabajo (en lugar de preguntar a compañeros), en clase (en lugar de preguntar a los profesores) y en nuestro día a día, reduciendo la comunicación con otros humanos.\r\n\r\nAdemás de esto, hay que tener en cuenta el temor de que la IA pueda reemplazarnos en nuestro trabajo o peor aún, que en un futuro sea un peligro para la humanidad. Si con todo eso no teníamos suficiente, un reciente estudio indica que debido al elevado consumo de energía por culpa de la IA, en 2030 tendremos una mayor contaminación atmosférica que podría provocar 1.300 muertes anuales prematuras en Estados Unidos.\r\n', 'La IA provocará más de 1.000 muertes anuales en EE.UU. en 2030 debido al aumento de contaminación', 'publicado', '2024-12-14 12:18:17', NULL),
(23, 'LG abandona oficialmente el mercado de los reproductores Blu-ray', 'Hoy conocemos que LG Electronics ha puesto punto y final a su negocio de reproductores de Blu-ray. LG es una de las últimas compañías que abandona este mercado. Siguiendo así los pasos de compañías tan relevantes como Samsung u Oppo. Curiosamente, LG se ha mantenido mucho más en el tiempo. Y es que Oppo abandonó este negocio en 2018, mientras que Samsung lo hizo en el 2019. Más recientemente, Sony anunció el abandono de este negocio, pero como una reputada compañía que fabricaba los discos Blu-ray.\r\n\r\nEste hecho marca el declive definitivo de un formato físico que fue revolucionario en su momento. Si bien no logró imponerse de manera masiva como lo hizo el DVD en su época. Marca el punto y final de la última tecnología de consumo enfocada a reproducir contenido de vídeo. ¿El motivo? no hace falta ni que te lo digamos. Pero es evidente que el popularidad de las plataformas de streaming y la accesibilidad al contenido digital han sido los principales factores que empujaron a las compañías a retirarse de este segmento. No solo en este campo, sino en otros muchos donde el formato físico ya se usa para cosas muy concretas, como almacenar información.\r\n\r\nSi bien LG no ha realizado un comunicado oficial, todos sus reproductores Blu-ray, incluso los modelos más modernos como UBK80 y UBK90 (lanzados en 2018), se han descontinuado. La gran mayoría de estos reproductores ya no están disponibles, mientras que las unidades existentes únicamente lo estarán hasta agotar existencias.\r\n\r\nAhora bien, LG Korea se desmarcó indicando que esto no era un abandono definitivo. Llegando a indicar que la puerta la dejaban abierta, volviendo al mercado si la demanda aumenta. Y sí, es algo que no parece que llegue a ocurrir en un mundo donde en 30 segundos ya estás viendo la serie que quieres sin necesidad de encender un reproductor, insertar un disco, y navegar dentro de este para reproducir lo que te interese.\r\n\r\nPara que tengáis un contexto, aún en Europa o Estados Unidos hay disponibilidad de muchos modelos. Ahora bien, el conocido reproductor UBK80 se puede encontrar rondando entre los 250 y 290 euros. Mientras que el LG UBK90 ronda, en stock real, los 1.000 euros. Encontrándolo de segunda mano por 339 euros. Con estos precios, es lógico que para el consumidor común, ni le interesa un dispositivo de este tipo a día de hoy. Ni pagaría dichos precios. Ya que con lo que vale el UBK80 puedes tener años de películas y series en los servicios de streaming.', 'LG Electronics ha retirado todos los reproductores Blu-ray de sus tiendas', 'publicado', '2024-12-14 12:19:57', NULL),
(24, '¿De verdad que Xbox Game Pass va a llegar a PlayStation?', 'Lo peor del silencio de Microsoft en los últimos meses es que no hace falta que diga mucho para saber en lo que está pensando. Las ingentes y cuantiosas compras que han llevado a cabo en los últimos años de estudios gigantes no les deja otra que buscar rentabilidad más allá de sus consolas Xbox e, incluso en su ecossistema, explotar como sea la vía de Xbox Game Pass pero, ¿es posible que en ese camino que han iniciado también vayan a tener en cuenta a la competencia de PlayStation?\r\n\r\nDesde luego así parece que podría acabar siendo porque algunos exclusivos ya han aterrizado en PlayStation este año y el que viene verá la llegada de Indiana Jones y el Gran Círculo, que es con diferencia de lo mejorcito que hemos tenido en Xbox este año. Si no tenemos en cuenta Call of Duty Black Ops 6 que llegó gratis para todos los suscriptores de Xbox Game Pass hace algunos meses. Así que el panorama parece… ¿oscuro?\r\n\r\nEl caso es que todo ese ruido sobre juegos exclusivos que se marchan a PlayStation o Nintendo Switch, y que convertiría de facto a Microsoft en un extraño third party con consola propia, no ha podido ocultar el gran elefante en la habitación del que hablan muchos usuarios de los norteamericanos, y es que no es otra que la joya de la corona, el elemento diferencial que tienen en sus máquinas, que podría terminar llegando de alguna manera a los usuarios de Sony.\r\n\r\nEsa joya de la corona no es otra que Xbox Game Pass, el plan de suscripción que ofrece casi 500 juegos y que suele recibir novedades importantes de día uno. Pues bien, dentro de ese enorme plan de expansión que se ha propuesto cumplir Microsoft para convertir cualquier aparato electrónico en una Xbox, ¿creéis que tiene cabida la llegada del servicio a PS5? Hay quien cree que sí, y lo afirma con bastante contundencia en redes.', '¿Xbox Game Pass acará llegando a PlayStation?', 'publicado', '2024-12-14 12:20:42', NULL),
(25, 'La plaga de arañas de Marte ya tiene una explicación. No es la que esperabas', 'Siempre hemos tenido curiosidad por Marte. La seguimos teniendo, de hecho, quizás ahora acentuada por la obsesión de Elon Musk y la competición con China, que se plantea traer muestras del Planeta Rojo a la Tierra antes que nadie. Nos queda mucha ciencia por hacer y mucho por descubrir, así que quizás entre las tareas más importantes estaba el demostrar cómo se formaron las populares arañas de Marte que se hicieron virales hace ya muchos meses, antes de plantearse terraformar el planeta vecino para facilitar la vida en su superficie.\r\n\r\nEn este caso ha sido Lauren Mc Keown, investigadora irlandesa del Laboratorio de Propulsión a Chorro (JPL) de la NASA quien ha liderado este proyecto reseñado por IFLScience y The Planetary Science Journal, mediante el cual han conseguido demostrar que el modelo de Kieffer es correcto y que las arañas de Marte avistadas en la región del Polo Sur del Planeta Rojo no tan tales arañas, sino formaciones relacionadas con el calentamiento y enfriamiento de la superficie de Marte con el cambio de estaciones.\r\n\r\nPor fortuna no tendremos problemas con arañas gigantes cuando el ser humano aterrice en Marte, algo que sin duda sucederá antes o después de fuera de los cines y el televisor, pues estas arañas no son tales arañas sino un producto de procesos 100% naturales.\r\n\r\nY hay demostración empírica, pues la propia Lauren Mc Keown ha podido certificar que el modelo de Kieffer, ampliamente aceptado en las últimas décadas, sí era correcto gracias al Banco de Pruebas de Simulación de Bajo Vacío Sucio para Entornos Helados (DUSTIE) del JPL, en California, donde se recrearon las condiciones de Marte para estudiar si estas características son cosa de un pasado lejano en Marte o todavía pueden darse a día de hoy.\r\n\r\nEl equipo colocó tierra similar a la encontrada en Marte dentro de una cámara de pruebas refrigerada por nitrógeno líquido (DUSTIE), bombeando posteriormente gas de dióxido de carbono para condensar y formar hielo de diferentes grosores con el que realizar el experimento. Este hielo fue calentado desde abajo, simulando así el mecanismo de formación de estas arañas y que parece darse en Marte de forma natural.\r\n\r\nTras muchos intentos y después de 5 años de investigación, Mc Keown consiguió el éxito con el grosor de hielo correcto, viendo cómo estallaban penachos y el regolito salía volando tal y como sucede en Marte con estas arañas.', 'El laboratorio JPL de la NASA ha conseguido demostrar que el modelo de Kieffer es correcto reproduciendo Marte en laboratorio y recreando la formación de estas famosas arañas de Marte', 'publicado', '2024-12-14 12:23:33', NULL),
(26, 'Las nuevas baterías de litio-azufre llegan para revolucionar el mercado de los coches eléctricos', 'Como las ventas de los coches eléctricos no son tan buenas como era de esperar debido al elevado coste de este tipo de vehículos, con la excepción del primer coche eléctrico de Xiaomi del cual ya se han vendido más de 100.000 unidades en China, los grandes fabricantes de coches buscan recortar gastos en sus vehículos investigando nuevas tecnologías para sus baterías.\r\n\r\nAsí, si hace unas semanas te contamos que HUAWEI ha presentado una patente para un nuevo diseño de batería sólida basado en sulfuros, ahora ya te podemos confirmar que ha aparecido en escena un nuevo tipo de batería de litio-azufre que promete revolucionar el almacenamiento energético de los coches eléctricos aumentando su rendimiento y reduciendo sus costes de fabricación.\r\n\r\nRecientemente el medio New Atlas ha publicado un informe que revela que la empresa de fabricación de baterías con sede en Texas, Estados Unidos, Zeta Energy Corp y el grupo automovilístico Stellantis se han asociado para crear unas revolucionarias baterías de litio-azufre para coches eléctricos que tienen más alcance, más potencia, cargan un 50 % más rápido y cuestan la mitad que las tradicionales baterías de iones-litio.\r\n\r\nEsta no es la primera vez que oímos hablar de este tipo de baterías, ya que las baterías de litio-azufre (Li-S) se dieron a conocer en la década de 1960, pero su aplicación práctica había sido limitada hasta ahora debido a ciertos problemas como unos ciclos de vida deficitarios y una alarmante pérdida de capacidad del llamado \"efecto lanzadera de polisulfuro\", la cual es exclusiva de las baterías de litio-azufre.\r\n\r\nEste efecto provoca que, a medida que la batería se vaya descargando, el azufre en el lado del cátodo reacciona con el litio y crea polisulfuros de litio que se difunden a través del electrolito al ánodo dejando depósitos. Mientras se cargan dichas baterías, algunos de estos polisulfuros pasarían de nuevo al cátodo degradando la batería muy rápidamente.', 'Zeta Energy Corp y el grupo automovilístico Stellantis se han unido para desarrollar unas nuevas baterías de litio-azufre que tienen más potencia, cargan un 50 % más rapido y cuestan la mitad que las actuales de iones-litio', 'publicado', '2024-12-14 12:49:28', NULL),
(27, 'Una nueva manera de entender la \'energía oscura\' cambiará la forma en la que buscamos vida inteligente más allá', 'Las estrellas se forman con mayor facilidad cuando la energía oscura (una misteriosa fuerza que expande el universo) tiene un valor parecido al que observamos, según revela un estudio publicado en Monthly Notices of the Royal Astronomical Society. Este hallazgo cambia nuestra forma de ver el universo y podría explicar por qué es posible la vida en nuestro cosmos.\r\n\r\nLos científicos descubrieron que sólo un 27% de la materia normal del universo se convierte en estrellas cuando la energía oscura es aproximadamente la décima parte de lo que medimos hoy. Este dato sugiere que nuestro universo tiene las condiciones ideales para crear estrellas, lo que podría ser clave para entender por qué existe la vida.\r\n\r\nCuando la energía oscura es muy alta, el universo se expande tan rápido que no da tiempo a que se formen las galaxias. Por otro lado, si es muy baja, el gas está tan disperso que difícilmente puede juntarse para crear estrellas. Por eso, el valor que observamos parece ser el punto justo para que las estrellas puedan nacer.\r\n\r\nEl equipo usó computadoras potentes y modelos matemáticos para ver cómo esta fuerza misteriosa afecta al nacimiento de galaxias y estrellas. Sus cálculos muestran que pequeños cambios en la energía oscura pueden alterar completamente la historia del universo.\r\n\r\n\"Este trabajo nos da una nueva forma de entender por qué la energía oscura es como es y cómo se relaciona con nuestra existencia\", explican los investigadores. El hecho de que nuestro universo parezca estar diseñado para formar estrellas podría no ser casualidad, sino una condición necesaria para que pueda existir la vida.\r\n\r\nLa investigación también indica que los planetas donde podría haber vida serían más raros en zonas del universo con valores diferentes de energía oscura. Esto es importante para la búsqueda de vida extraterrestre, ya que nos ayuda a saber dónde buscar.', 'Un nuevo estudio muestra que las estrellas se forman mejor cuando la energía oscura tiene valores similares a los que vemos en nuestro universo', 'publicado', '2024-12-14 12:50:06', NULL),
(28, 'Se avecina una lluvia de estrellas y podrás verla desde tu casa: cómo y cuándo ver las Gemínidas de 2024', 'Las lluvias de estrellas, fenómeno astronómico que puede ser disfrutado a simple vista por cualquier persona, suelen ser muy esperadas por aficionados a la astronomía y por quienes buscan disfrutar de uno de los bellos momentos que la naturaleza puede proporcionar a nuestros ojos. Las Gemínidas de 2024, de hecho, llegan a su máximo de actividad en esta noche del 13 al 14 de diciembre, y te diremos las claves para disfrutar de esta experiencia.\r\n\r\nSi tienes la oportunidad de disfrutar de las Gemínidas de 2024, en el cielo podrás ver hasta 150 meteoros por hora en un suceso que, de igual modo que las Perseidas en agosto, es una lluvia de estrellas suele tener lugar siempre en la misma época del año, debido al movimiento de la Tierra alrededor del Sol, y pasando cada año por las mismas zonas con rocas del espacio en suspensión principalmente soltadas por el asteroide Faetón en su particular órbita.\r\n\r\nLo primero de todo, lo más importante para disfrutar de las Gemínidas 2024 es contar con cielo despejado. Por tanto, asegúrate de que el pronóstico en tu zona tenga el cielo despejado o, como mínimo, cuente con claros. Lamentablemente, tanto la Luna Llena como la actividad de lluvias y nubes que existe actualmente en la Península Ibérica dificultará sobremanera este paso, pero si eres de las personas afortunadas que, como mínimo, tendrá cielos despejados y no le temes a la fría noche que se espera, no dudes en disfrutar del espectáculo de las Gemínidas.\r\n\r\nSegún las previsiones del tiempo, los espacios más propicios para contar con cielos despejados son los de la mitad norte peninsular, exceptuando Cataluña, Comunidad Valenciana y Baleares, las cuales, junto a la mitad sur de Andalucía, tienen más posibilidades de contar con lluvias. Por su parte la región central sur está en un punto intermedio con un tiempo muy variable. Respecto a Canarias, Lanzarote y Fuerteventura serán las únicas islas propicias, puesto que en las demás se esperan lluvias.\r\n\r\nA pesar de que la Luna Llena en el cielo pueda hacer más complicada la experiencia, podrás disfrutar de un cielo lleno de meteoros si cuentas con un cielo lo suficientemente despejado y un lugar alejado de la contaminación lumínica de pueblos y entornos urbanos. Cuanto más te alejes de los espacios luminosos, mejor verás el cielo estrellado, y más opciones tendrás de descubrir los asteroides que van atravesando la atmósfera mientras se descomponen en ese inconfundible y fugaz destello de fuego.\r\n\r\nEste año, además, el punto álgido será alrededor de las 2:00 de la madrugada, por lo que no te impacientes si no has sido capaz de ver meteoros en las primeras horas de la noche. Con ello, las Gemínidas serán el penúltimo espectáculo de estrellas fugaces de este 2024, donde las Úrsidas harán una última aparición el próximo 22 de diciembre. Por ello, si no puedes ver las Gemínidas este año, aún habrá otra oportunidad en esa última lluvia de meteoros del año.', 'Su período de máxima actividad comienza en la noche del 13 al 14 de diciembre', 'publicado', '2024-12-14 12:51:44', NULL),
(29, 'HUAWEI presenta el nuevo Mate X6, el buque insignia plegable que quiere dominar el mercado', 'Los plegables de HUAWEI llevan años demostrando un increíble nivel. En un mercado cada vez más saturado de productos de todas las marcas, la firma china ha conseguido hacerse con un hueco importante ofreciendo unas calidades increíbles y un diseño diferenciador junto con una bisagra que no se nota en absoluto en la cámara.\r\n\r\nEl HUAWEI Mate X6 viene para ofrecer nuevos estándares en la industria de los plegables, algo de lo que no cabe ninguna duda si nos metemos de lleno en sus especificaciones técnicas, ya que está claro que la marca ha querido solventar muchos de los problemas que hasta ahora afectaban a los teléfonos foldables y que parece que ha desterrado para convertirlo en problemas de pasado.\r\n\r\nEn este sentido, el primer problema que conjura el HUAWEI Mate X6 está en el peso y las dimensiones. Uno de los principales problemas que siempre han adolecido este tipo de dispositivos ha sido que eran demasiado pesados y demasiado gruesos para usarlos de forma cómoda en nuestras manos. Esto hacía que muchos potenciales consumidores se plantaran y no apostaran por ellos. Ahora el HUAWEI Mate X6 está preparado para cambiar eso. Tiene un tamaño de 9,85 mm plegado y 4,6 mm desplegado, haciéndole uno de los más finos del mercado, donde compite con otras marcas que también están apostando por estas envergaduras. Por otro lado, está el peso que es de 239 gramos.\r\n\r\nPor otro lado, las cámaras vuelven a ser el epicentro de la acción. Las cámaras XMAGE de Ultra Apertura con una cámara de Ultra Apertura de 50 MP con una apertura física de 10 aumentos, un ultra gran angular de 50 Mpx y una microcámara teleobjetivo de 48 Mpx que permite una fotografía plegable que da un salto de calidad frente a sus competidores.\r\n\r\nComo es bien sabido, HUAWEI prescinde de los servicios de Google para utilizar su propio ecosistema Harmony OS. En este caso, funciona con EMUI 15, una versión potente y pulida de lo que conocemos hasta ahora. Esto además supone un punto interesante en lo que se refiere a la evolución de los plegables de HUAWEI.\r\n\r\nAdemás, están disponibles en los colores Nebula Red y Black, con los que quieren evocar diseño orbital en el que se han inspirado para la concepción de este dispositivo. El precio de salida al mercado será de 1.999 euros en 12 Gb de RAM y 512 Gb de almacenamiento y su fecha de salida está emplazada para el mes de enero de 2025. Además, ya está disponible para pre-reserva con un descuento de 200 euros.', 'HUAWEI sella su compromiso con los foldables tratando de innovar al máximo en su último diseño', 'publicado', '2024-12-14 12:53:40', NULL),
(30, 'Esta serie distópica será uno de los grandes estrenos de 2025, está en streaming y es perfecta para el fin de semana', 'Durante el año que viene se estrenarán las temporadas de series muy importantes como The White Lotus en Max, que se lanzará durante el mes de febrero, tal y como anunció la plataforma. Otra de las plataformas que también estrenará nueva temporada de una de sus series más importantes será Apple TV+.\r\n\r\nLa serie a la que nos referimos se trata de unos de los títulos más queridos por parte de los suscriptores y uno de los estrenos más esperados para el que no habrá que esperar mucho porque se lanzará durante el próximo mes de enero. Esta serie de distópica de ciencia ficción presenta una tras integrante que hará que no te despegues de la pantalla.\r\n\r\nSe trata una serie de ciencia ficción y thriller psicológico creada por Dan Erickson y dirigida por Ben Stiller junto a Aoife McArdle. La serie se estrenó el 18 de febrero de 2022 en Apple TV+ y en poco tiempo se convirtió en una de las favoritas por parte de los suscriptores, quienes esperan con ganas el estreno de su segunda temporada el próximo 17 de enero.\r\n\r\nLa trama se centra en Mark Scout (interpretado por Adam Scott), quien lidera un equipo en Lumon Industries, una empresa que implementa un procedimiento quirúrgico en sus empleados para separar sus recuerdos laborales de los personales. Este experimento de equilibrio entre trabajo y vida personal se cuestiona cuando Mark se ve envuelto en un misterio que lo obliga a confrontar la verdadera naturaleza de su trabajo y de sí mismo.\r\n\r\nMark lidera un equipo en el departamento de refinamiento de datos, un entorno aparentemente anodino, pero lleno de secretos. La historia comienza a complicarse cuando Petey, un antiguo compañero de Mark, reaparece con un mensaje que pone en duda todo lo que Mark cree saber sobre su trabajo y la verdadera naturaleza de Lumon Industries.\r\n\r\nSeparación está disponible en el catálogo de Apple TV+ y consta de 9 episodios de unos 50 minutos cada uno, por lo que es perfecta para verla durante el fin de semana. Si te gustan los mundos distópicos y las series de ciencia ficción, Separación es perfecta para ti. Yo la he visto dos vedes y no descarto verla una tercera vez antes del estreno de su segunda temporada.', 'Una serie que trata sobre el extraño procedimiento por el que pasan los trabajadores de una empresa', 'publicado', '2024-12-14 12:55:40', NULL),
(31, 'El asesinato de JFK se volverá a contar a pantalla grande, con Jared Leto uniéndose a un reparto de lujo', 'El asesinato de John F. Kennedy ha sido objeto de debate durante décadas, rodeado de numerosas teorías de conspiración que apuntan a una posible participación de la mafia. Hay muchas películas y series sobre lo que sucedió aquel 22 de noviembre de 1963, siendo algunas de las más memorables JFK: Caso Abierto (1991) con Kevin Costner o la miniserie 22.11.63 (2016), basada en una novela de Stephen King. Sin embargo, esta película promete explorar una nueva perspectiva sobre este momento histórico.\r\n\r\nSabemos que se titula Assassination, directa al grano, y estará dirigida por Barry Levinson, quien ha estado al frente de cintas tan exitosas como Rain Man o Sleepers. Todavía quedan muchos detalles por desvelarse, entre otras cosas una fecha de estreno estimada, pero sabemos que la película está escrita por Nicholas Celozzi y David Mamet, el guionista de Hannibal, que contará con Robert Elswit como director de fotografía y que empezará a rodarse a principios del año que viene en Boston.\r\n\r\nHasta ahora, están confirmados Al Pacino, Jessica Chastain, Brendan Fraser y Bryan Cranston, cuatro pesos pesados de la industria de Hollywood. Sin embargo, a ese reparto de élite todavía le queda, como mínimo, sumar una cara conocida más: la de Jared Leto, estrella de éxitos como Blade Runner 2049 o Réquiem por un sueño, que además ganó un Oscar por Dallas Buyers Club. Al parecer, el vocalista de Thirty Seconds to Mars todavía ha cerrado el acuerdo, pero según informan desde la revista estadounidense Deadline cada vez está más cerca de hacerlo.\r\n\r\nEn cuanto a la trama, Assassination reimagina el asesinato de JFK como un golpe ordenado por Sam Giancana, un capo de la mafia de Chicago que busca venganza tras los intentos de Kennedy de socavar a la mafia, a pesar de haberlo ayudado a salir elegido. Recordemos que el trigésimo quinto presidente de Estados Unidos circulaba en el asiento trasero del coche presidencial por Texas, concretamente por la plaza Dealey, cuando recibió varios disparos mortales, continuando así la fatídica racha de presidentes del país que fueron asesinados en el cargo.\r\n\r\nSe centrará en la periodista policial Dorothy Kilgallen, interpretada por Jessica Chastain, que utilizará su fama e influencia para encontrar al verdadero asesino de Kennedy, ya que sospecha que Lee Harvey Oswald no actuó solo. Esta investigación supondrá para la periodista un enfrentamiento directo con la CIA, el FBI y los jefes de la mafia, quienes desearán hacerla desaparecer. Por lo demás, tendremos que esperar un poco más para descubrir qué papel tendrá el resto de miembros del elenco.', 'El reparto de \'Assassination\' ya cuenta con Al Pacino, Jessica Chastain, Brendan Fraser y Bryan Cranston', 'publicado', '2024-12-14 12:56:48', NULL),
(32, 'Adelanto en vídeo y con fecha del nuevo especial de Navidad de \'Los Simpson\'', 'Episodios de Los Simpson hay muchos, bueno, vale, demasiados, pero especiales de Navidad no tantos, aunque ya llevamos unos cuantos a nuestras espaldas, a los que muy pronto habrá que sumar uno más, el recientemente anunciado Ho Ho Ho Santa Homer. Dadas las fechas, es lo que toca, y además esta vez el formato será un poco diferente y contará con multitud de estrellas invitadas que darán un aire de lo más festivo al capítulo.\r\n\r\nO capítulos, porque Ho Ho Ho Santa Homer será un doble episodio el cual se emitirá en exclusiva en nuestro país a través de Disney+ a partir del próximo martes 17 de diciembre, fecha en la que llegará asimismo a distintas partes del globo. Su lanzamiento en esa fecha no es casual, pues coincide con otra muy recordada: la del 35 aniversario del primer especial de Navidad de la serie, Sin blanca Navidad, emitido el 17 de diciembre de 1989.\r\n\r\nEste doble episodio contará con la participación estelar del famoso mentalista británico Derren Brown, quien se une al elenco de Springfield para insuflar un aire renovado al espíritu navideño. También contará con actuaciones musicales de Patti LaBelle, la llamada Madrina del Soul, y el grupo vocal Pentatonix, añadiendo un toque rítmico a esta celebración.\r\n\r\nSu trama se centra en Homer siendo hipnotizado por Derren Brown y quedando convencido de que él es Papá Noel. Esta transformación accidental genera caos y provoca que los habitantes de Springfield se cuestionen el verdadero significado de los milagros navideños. Desde los ya icónicos momentos cómicos hasta las inevitables reflexiones sobre la familia y la comunidad, este especial promete capturar la esencia de la Navidad en clave Simpson.', 'Se cumplen 35 años de su primer especial, \'Sin blanca Navidad\'', 'publicado', '2024-12-14 12:57:23', NULL),
(33, '\'Malcolm\' tendrá una continuación de 4 episodios centrada en el 40º aniversario de Hal y Lois y en su nieta', 'Cuando Malcolm in the Middle, o simplemente Malcolm, se estrenó en el año 2000, no esperábamos mucho de ella, pero su humor irreverente y su enfoque en una familia tan caótica como entrañable hizo que nos engancháramos irremediablemente. Protagonizada por Frankie Muniz, Bryan Cranston y Jane Kaczmarek, entre otros, la serie capturó el corazón del público durante siete temporadas, aunque no había dicho su última palabra, parece ser.\r\n\r\nDesde que la serie concluyó en 2006, los fans hemos anhelado un regreso de los Wilkerson, y finalmente ese momento ha llegado. Según leemos en Variety, Disney+ ha confirmado la producción de una miniserie de cuatro episodios que reunirá al elenco original, con Linwood Boomer, creador de la serie, a cargo del guion y producción ejecutiva.\r\n\r\nLa nueva miniserie celebrará el 40º aniversario de boda de Hal (Bryan Cranston) y Lois (Jane Kaczmarek). Según la sinopsis oficial, \"Malcolm (Frankie Muniz) y su hija se verán arrastrados al caos familiar cuando Hal y Lois exijan su presencia en la fiesta de aniversario\". Como ya podemos imaginarnos, no todo saldrá según lo planeado por la pareja, ahora abuelos.\r\n\r\n\"Cuando Linwood Boomer sugirió que podría ser hora de reunir a la familia disfuncional favorita de todos, no podíamos pensar en una serie más icónica e influyente para revisitar\", comentó Karey Burke, presidente de 20th Television. La miniserie todavía no tiene fecha de estreno, pero no creemos que se demore demasiado.\r\n\r\nPara esta suerte de reunión también podemos esperar sorpresas en forma de más actores que vuelvan a sus papeles originales y demás guiños que seguro nos harán querer ver de nuevo la comedia de comienzos de milenio. Por suerte está disponible en la plataforma Disney+, único lugar donde actualmente puede disfrutarse en nuestro país.\r\n\r\nPara quien no la conozca, Malcolm sigue las desventuras de Malcolm, un adolescente superdotado que trata de sobrevivir a su vida en una familia extremadamente caótica y peculiar. Entre un padre excéntrico, una madre dominante y sus problemáticos hermanos, Malcolm se enfrenta a los retos cotidianos con ingenio y humor.', 'Podrá verse en exclusiva en Disney+', 'publicado', '2024-12-14 12:58:12', NULL),
(34, 'Esta serie es como \'Breaking Bad\' pero todavía más oscura y brutal', 'Basada en un libro de Nelson Johnson, esta obra maestra del género criminal cuenta con Martin Scorsese como productor ejecutivo y director del episodio piloto, que costó la friolera de 18 millones de dólares. Pero no es el único nombre conocido de su ficha técnica, porque la serie ha sido creada por el guionista de Los Soprano, Terence Winter, y además cuenta con un reparto de excepción compuesto por 225 actores principales.\r\n\r\nMuchas veces, no existe concordancia entre los críticos y la audiencia a la hora de valorar un título, pero en este caso recibe un insuperable 92% y 95% de valoraciones positivas en la web de reseñas Rotten Tomatoes. De hecho, es considerada la 8ª mejor serie sobre mafia, narcos y drogas por los usuarios de FilmAffinity, y no solo eso, también una de las mejores series de la historia de la televisión. Además, ganó varios premios Emmy y Globos de Oro, entre ellos el de \'Mejor actor\' para Steve Buscemi y \'Mejor actor de reparto\' para Bobby Cannavale.\r\n\r\nEstá ambientada en Atlantic City (Nueva Jersey) durante la década de 1920, en plena Ley Seca en Estados Unidos, lo que supone un hervidero de actividad para los delincuentes. La trama sigue a Enoch \"Nucky\" Thompson, un político y gánster inspirado en el histórico Enoch L. Johnson, quien controla el contrabando de alcohol y otras actividades ilegales de la ciudad mientras enfrenta conflictos con figuras históricas como Al Capone, Lucky Luciano y Arnold Rothstein. Además, tendrá que vérselas con agentes del gobierno que investigan su lujoso estilo de vida y sus conexiones criminales.\r\n\r\nLa serie muestra el ascenso y caída de Nucky, interpretado por Steve Buscemi, quien fue elegido específicamente para este papel tras descartar a Alec Baldwin. Si has visto la mítica serie de Walter White (Bryan Cranston), observarás que hay varias similitudes entre ambas, empezando por tener unos protagonistas complejos y moralmente ambiguos que se adentran en el mundo criminal y establecen relaciones de mentor-aprendiz. No obstante, se ambientan en épocas diferentes, su enfoque criminal no tiene nada que ver y, lo mejor de todo, esta serie es mucho más impredecible que Breaking Bad.', 'El creador de \'Los Soprano\' hace un retrato fascinante de la corrupción, el lujo y la violencia de los años 20 en Estados Unidos', 'publicado', '2024-12-14 12:59:01', NULL);
INSERT INTO `articulos` (`id_articulo`, `titulo`, `contenido`, `resumen`, `estado`, `fecha_publicacion`, `id_administrador`) VALUES
(35, 'No sólo Premium. Elon Musk activa Grok en X (Twitter) gratis para todos los usuarios', 'Con esta decisión X (antes Twitter) busca posicionar a Grok como una alternativa competitiva frente a otros chatbots gratuitos como ChatGPT de OpenAI, Google Gemini, Microsoft Copilot y Claude de Anthropic.\r\n\r\nLos usuarios sin suscripción Premium tienen ciertas limitaciones. No en vano, pueden enviar hasta 10 mensajes a Grok cada dos horas y generar un máximo de tres imágenes al día.\r\n\r\nEstas imágenes se crean utilizando el modelo de IA Grok-2, que emplea el algoritmo multimodal Flux 1, desarrollado por Black Forest Lab, para producir gráficos hiperrealistas.\r\n\r\nX lanzó Grok a finales del año pasado como un «asistente de IA con sentido del humor» y se diferencia de otras propuestas similares al proporcionar respuestas en tiempo real basadas en información publicada en la web.\r\n\r\nSegún xAI, la empresa detrás de su desarrollo, también propiedad de Elon Musk, Grok está diseñado para responder preguntas con ingenio y tiene una personalidad rebelde, abordando cuestiones que otros sistemas de IA suelen evitar.\r\n\r\nEsta expansión de acceso a Grok se interpreta como una estrategia para atraer y retener a más usuarios en la plataforma X, especialmente considerando la migración de usuarios hacia servicios como Bluesky.\r\n\r\nAdemás, xAI, que recientemente recaudó 6.000 millones de dólares en su última ronda de financiación, está considerando lanzar una aplicación independiente para Grok, similar a las ofrecidas por sus competidores.\r\n\r\nPara utilizar Grok, los usuarios deben acceder a la plataforma X, iniciar sesión y seleccionar la opción correspondiente al chatbot, ya sea en la versión web o en la aplicación móvil. Aunque Grok ofrece respuestas en tiempo real y generación de imágenes, su uso gratuito está sujeto a las limitaciones mencionadas anteriormente.', 'Elon Musk activa su inteligencia artificial Grok en X, anteriormente conocido como Twitter, para el uso gratis de todos los usuarios, no sólo para aquéllos con suscripción Premium.', 'publicado', '2024-12-14 15:52:35', NULL);

-- --------------------------------------------------------

--
-- Estructura de tabla para la tabla `articulo_categoria`
--

DROP TABLE IF EXISTS `articulo_categoria`;
CREATE TABLE IF NOT EXISTS `articulo_categoria` (
  `id_articulo` int NOT NULL,
  `id_categoria` int NOT NULL,
  PRIMARY KEY (`id_articulo`,`id_categoria`),
  KEY `id_categoria` (`id_categoria`)
) ENGINE=MyISAM DEFAULT CHARSET=utf8mb4 COLLATE=utf8mb4_0900_ai_ci;

--
-- Volcado de datos para la tabla `articulo_categoria`
--

INSERT INTO `articulo_categoria` (`id_articulo`, `id_categoria`) VALUES
(15, 4),
(16, 5),
(17, 5),
(18, 5),
(18, 7),
(19, 5),
(20, 4),
(20, 5),
(21, 5),
(21, 6),
(21, 7),
(22, 6),
(23, 5),
(24, 4),
(25, 8),
(26, 5),
(26, 8),
(27, 8),
(28, 8),
(29, 7),
(30, 9),
(31, 9),
(32, 9),
(33, 9),
(34, 9),
(35, 6);

-- --------------------------------------------------------

--
-- Estructura de tabla para la tabla `categorias`
--

DROP TABLE IF EXISTS `categorias`;
CREATE TABLE IF NOT EXISTS `categorias` (
  `id_categoria` int NOT NULL AUTO_INCREMENT,
  `nombre` varchar(50) DEFAULT NULL,
  PRIMARY KEY (`id_categoria`)
) ENGINE=InnoDB AUTO_INCREMENT=10 DEFAULT CHARSET=utf8mb4 COLLATE=utf8mb4_0900_ai_ci;

--
-- Volcado de datos para la tabla `categorias`
--

INSERT INTO `categorias` (`id_categoria`, `nombre`) VALUES
(4, 'Videojuegos'),
(5, 'Tecnología'),
(6, 'Inteligencia Artificial'),
(7, 'Smartphones'),
(8, 'Ciencia'),
(9, 'Cine y Series');

-- --------------------------------------------------------

--
-- Estructura de tabla para la tabla `imagenes`
--

DROP TABLE IF EXISTS `imagenes`;
CREATE TABLE IF NOT EXISTS `imagenes` (
  `id_imagen` int NOT NULL AUTO_INCREMENT,
  `id_articulo` int DEFAULT NULL,
  `url` varchar(255) NOT NULL,
  `fecha_subida` timestamp NULL DEFAULT CURRENT_TIMESTAMP,
  PRIMARY KEY (`id_imagen`),
  KEY `id_articulo` (`id_articulo`)
) ENGINE=MyISAM AUTO_INCREMENT=32 DEFAULT CHARSET=utf8mb4 COLLATE=utf8mb4_0900_ai_ci;

--
-- Volcado de datos para la tabla `imagenes`
--

INSERT INTO `imagenes` (`id_imagen`, `id_articulo`, `url`, `fecha_subida`) VALUES
(31, 35, 'images/675da9c30902c-the-guardian-abandona-x-twitter.jpg.webp', '2024-12-14 15:52:35'),
(11, 15, 'images/img_675d6f00c66bd7.04762479.webp', '2024-12-14 11:35:30'),
(12, 16, 'images/675d70df86b9c-Krackan2-930x523.webp', '2024-12-14 11:49:51'),
(13, 17, 'images/675d734aeb68c-908419679_251658567_1706x960.webp', '2024-12-14 12:00:10'),
(14, 18, 'images/675d740040346-samsung-galaxy-z-fold6-diciembre-2024-portada.webp', '2024-12-14 12:03:12'),
(15, 19, 'images/675d7436171e2-coche-solar-mercedes.webp', '2024-12-14 12:04:06'),
(16, 20, 'images/675d7485e8da5-Lenovo-Legion-Go-Primeras-imagenes-filtradas-de-la-proxima-generacion-con-APU-Ryzen-Z2_3.jpg', '2024-12-14 12:05:25'),
(17, 21, 'images/675d74df68c3c-908419179_251643234_1706x960.webp', '2024-12-14 12:06:55'),
(18, 22, 'images/675d7789eb0aa-IA-contaminacion.jpg.webp', '2024-12-14 12:18:17'),
(19, 23, 'images/675d77ed65795-Lector-Blu-ray-LG.jpg.webp', '2024-12-14 12:19:57'),
(20, 24, 'images/675d781aafadb-xbox-game-pass-playstation-930x523.webp', '2024-12-14 12:20:42'),
(21, 25, 'images/675d78c5ad8e2-spiders-on-mars.webp', '2024-12-14 12:23:33'),
(22, 26, 'images/675d7ed8e417d-baterias-de-litio-y-azufre-portada.webp', '2024-12-14 12:49:28'),
(23, 27, 'images/675d7efe52d47-energia-oscura.webp', '2024-12-14 12:50:06'),
(24, 28, 'images/675d7f603a761-estrellas-cielo-estrellado.webp', '2024-12-14 12:51:44'),
(25, 29, 'images/675d7fd47cf9c-portada-huawei-mate-x6.webp', '2024-12-14 12:53:40'),
(26, 30, 'images/675d804cadaed-separacion.webp', '2024-12-14 12:55:40'),
(27, 31, 'images/675d809078872-jared-leto-pelicula-jfk.webp', '2024-12-14 12:56:48'),
(28, 32, 'images/675d80b300def-navidad-simpson.webp', '2024-12-14 12:57:23'),
(29, 33, 'images/675d80e47ca64-malcolm.webp', '2024-12-14 12:58:12'),
(30, 34, 'images/675d81155d651-boardwalk-empire.webp', '2024-12-14 12:59:01');

--
-- Restricciones para tablas volcadas
--

--
-- Filtros para la tabla `articulos`
--
ALTER TABLE `articulos`
  ADD CONSTRAINT `fk_id_administrador` FOREIGN KEY (`id_administrador`) REFERENCES `administrador` (`id_administrador`);
COMMIT;

/*!40101 SET CHARACTER_SET_CLIENT=@OLD_CHARACTER_SET_CLIENT */;
/*!40101 SET CHARACTER_SET_RESULTS=@OLD_CHARACTER_SET_RESULTS */;
/*!40101 SET COLLATION_CONNECTION=@OLD_COLLATION_CONNECTION */;
